4,Test_Name2,14,Chennai,1235
5,Test_Name3,16,Chennai,1236
6,Test_Name4,18,Chennai,1237
7,Test_Name5,20,Chennai,1238
8,Test_Name6,22,Chennai,1239
9,Test_Name7,24,Chennai,1240
10,Test_Name8,26,Chennai,1241
11,Test_Name9,28,Chennai,1242
12,Test_Name10,30,Chennai,1243
13,Test_Name11,32,Chennai,1244
14,Test_Name12,34,Chennai,1245
15,Test_Name13,36,Chennai,1246
16,Test_Name14,38,Chennai,1247
17,Test_Name15,40,Chennai,1248
18,Test_Name16,42,Chennai,1249
19,Test_Name17,44,Chennai,1250
20,Test_Name18,46,Chennai,1251
21,Test_Name19,48,Chennai,1252